x,y_true,y_pred
,123456,saaaaa                 
1,123456,123456789
12,123456,123456789
123,123456,123456789
1234,123456,123456789
12345,123456,123456789
123456,123456,123456789
,password,saaaaa
p,password,paaaaa
pa,password,paaaaa
pas,password,passww
pass,password,passww
passw,password,passww
passwo,password,password123
asswor,password,assword
ssword,password,ssword
,12345678,saaaaa
1,12345678,123456789
12,12345678,123456789
123,12345678,123456789
1234,12345678,123456789
12345,12345678,123456789
123456,12345678,123456789
234567,12345678,2345678
345678,12345678,345678
,1234,saaaaa
1,1234,123456789
12,1234,123456789
123,1234,123456789
1234,1234,123456789
,pussy,saaaaa
p,pussy,paaaaa
pu,pussy,pupppp
pus,pussy,pusser
puss,pussy,pusser
pussy,pussy,pussy1
,12345,saaaaa
1,12345,123456789
12,12345,123456789
123,12345,123456789
1234,12345,123456789
12345,12345,123456789
,dragon,saaaaa
d,dragon,daaaaaaa
dr,dragon,drakka
dra,dragon,drakka
drag,dragon,draggy
drago,dragon,dragons
dragon,dragon,dragons
,qwerty,saaaaa
q,qwerty,quaker
qw,qwerty,qwerty123
qwe,qwerty,qwerty123
qwer,qwerty,qwerty123
qwert,qwerty,qwerty123
qwerty,qwerty,qwerty123
,696969,saaaaa
6,696969,666666
69,696969,691999
696,696969,696666
6969,696969,696969
69696,696969,696969
696969,696969,696969
,mustang,saaaaa
m,mustang,maaaaa
mu,mustang,mutter
mus,mustang,musical
must,mustang,musty1
musta,mustang,mustard
mustan,mustang,mustang
ustang,mustang,ustang
,letmein,saaaaa
l,letmein,lolloo
le,letmein,leeeee
let,letmein,letters
letm,letmein,letman
letme,letmein,letmen
letmei,letmein,letmein2005
etmein,letmein,etmein2000
,baseball,saaaaa
b,baseball,baaaaa
ba,baseball,baaaaa
bas,baseball,basser
base,baseball,basey1
baseb,baseball,basebell
baseba,baseball,baseball
asebal,baseball,aseball
seball,baseball,seball
,master,saaaaa
m,master,maaaaa
ma,master,maaaaa
mas,master,masser
mast,master,master10
maste,master,master10
master,master,master10
,michael,saaaaa
m,michael,maaaaa
mi,michael,miiena
mic,michael,mickey
mich,michael,michhh
micha,michael,michan
michae,michael,michael1
ichael,michael,ichael
,football,saaaaa
f,football,freeee
fo,football,ford123
foo,football,footer
foot,football,footer
footb,football,footbb
footba,football,football
ootbal,football,ootball
otball,football,otball
,shadow,saaaaa
s,shadow,saaaaa
sh,shadow,shhhhh
sha,shadow,sharpp
shad,shadow,shader
shado,shadow,shadog
shadow,shadow,shadow1
,monkey,saaaaa
m,monkey,maaaaa
mo,monkey,mooner
mon,monkey,money
monk,monkey,monkey123
monke,monkey,monkey123
monkey,monkey,monkey123
,abc123,saaaaa
a,abc123,alexar
ab,abc123,abbbbb
abc,abc123,abcdas
abc1,abc123,abc123
abc12,abc123,abc123
abc123,abc123,abc123
,pass,saaaaa
p,pass,paaaaa
pa,pass,paaaaa
pas,pass,passww
pass,pass,passww
,fuckme,saaaaa
f,fuckme,freeee
fu,fuckme,fuckker
fuc,fuckme,fuckker
fuck,fuckme,fuckker
fuckm,fuckme,fuckme
fuckme,fuckme,fuckme
,6969,saaaaa
6,6969,666666
69,6969,691999
696,6969,696666
6969,6969,696969
,jordan,saaaaa
j,jordan,jamman
jo,jordan,jonsey
jor,jordan,jordan123
jord,jordan,jordan123
jorda,jordan,jordan123
jordan,jordan,jordan123
,harley,saaaaa
h,harley,harry1
ha,harley,harry1
har,harley,harry1
harl,harley,harloo
harle,harley,harley123
harley,harley,harley123
,ranger,saaaaa
r,ranger,reeeee
ra,ranger,raaaaa
ran,ranger,rannam
rang,ranger,rangers
range,ranger,rangers
ranger,ranger,rangers
,iwantu,saaaaa
i,iwantu,inder1
iw,iwantu,iwaree
iwa,iwantu,iwaree
iwan,iwantu,iwanna
iwant,iwantu,iwantton
iwantu,iwantu,iwanture
,jennifer,saaaaa
j,jennifer,jamman
je,jennifer,jesser
jen,jennifer,jennyb
jenn,jennifer,jennyb
jenni,jennifer,jennie
jennif,jennifer,jennifer
ennife,jennifer,ennifer
nnifer,jennifer,nnifer
,hunter,saaaaa
h,hunter,harry1
hu,hunter,hugood
hun,hunter,hunny1
hunt,hunter,hunter123
hunte,hunter,hunter123
hunter,hunter,hunter123
,fuck,saaaaa
f,fuck,freeee
fu,fuck,fuckker
fuc,fuck,fuckker
fuck,fuck,fuckker
,2000,saaaaa
2,2000,220988
20,2000,200188
200,2000,200188
2000,2000,200000
,test,saaaaa
t,test,tomaaa
te,test,tester
tes,test,tester
test,test,tester
,batman,saaaaa
b,batman,baaaaa
ba,batman,baaaaa
bat,batman,batty1
batm,batman,batman
batma,batman,batman
batman,batman,batman
,trustno1,saaaaa
t,trustno1,tomaaa
tr,trustno1,trista
tru,trustno1,trulll
trus,trustno1,trusss
trust,trustno1,trustar
trustn,trustno1,trustno1
rustno,trustno1,rustno1
ustno1,trustno1,ustno1
,thomas,saaaaa
t,thomas,tomaaa
th,thomas,theree
tho,thomas,thornne
thom,thomas,thoman
thoma,thomas,thoman
thomas,thomas,thomas1
,tigger,saaaaa
t,tigger,tomaaa
ti,tigger,titone
tig,tigger,tigerstrike
tigg,tigger,tiggyy
tigge,tigger,tigger1
tigger,tigger,tigger1
,robert,saaaaa
r,robert,reeeee
ro,robert,rooter
rob,robert,robool
robe,robert,robeee
rober,robert,robers
robert,robert,robert12
,access,saaaaa
a,access,alexar
ac,access,accore
acc,access,accore
acce,access,acceee
acces,access,access1
access,access,access1
,love,saaaaa
l,love,lolloo
lo,love,lolloo
lov,love,lovemel
love,love,lovemel
,buster,saaaaa
b,buster,baaaaa
bu,buster,burner
bus,buster,buster123
bust,buster,buster123
buste,buster,buster123
buster,buster,buster123
,1234567,saaaaa
1,1234567,123456789
12,1234567,123456789
123,1234567,123456789
1234,1234567,123456789
12345,1234567,123456789
123456,1234567,123456789
234567,1234567,2345678
,soccer,saaaaa
s,soccer,saaaaa
so,soccer,sooner
soc,soccer,socker
socc,soccer,soccat
socce,soccer,soccess
soccer,soccer,soccer12
,hockey,saaaaa
h,hockey,harry1
ho,hockey,hooker
hoc,hockey,hocher
hock,hockey,hocker
hocke,hockey,hocker
hockey,hockey,hockey123
,killer,saaaaa
k,killer,kaaaaa
ki,killer,kiiiii
kil,killer,killerbee
kill,killer,killerbee
kille,killer,killerbee
killer,killer,killerbee
,george,saaaaa
g,george,goodog
ge,george,genny123
geo,george,geonie
geor,george,geornne
georg,george,georgg
george,george,george1
,sexy,saaaaa
s,sexy,saaaaa
se,sexy,seeeee
sex,sexy,sexxxx
sexy,sexy,sexyyy
,andrew,saaaaa
a,andrew,alexar
an,andrew,andy123
and,andrew,andy123
andr,andrew,andree
andre,andrew,andree
andrew,andrew,andrew1
,charlie,saaaaa
c,charlie,caaaaa
ch,charlie,chhhhh
cha,charlie,changa
char,charlie,charrr
charl,charlie,charly
charli,charlie,charlie
harlie,charlie,harlie
,superman,saaaaa
s,superman,saaaaa
su,superman,suuuuu
sup,superman,super
supe,superman,super
super,superman,super
superm,superman,superman
uperma,superman,uperman
perman,superman,perman
,asshole,saaaaa
a,asshole,alexar
as,asshole,asdfff
ass,asshole,assopp
assh,asshole,assham
assho,asshole,asshoon
asshol,asshole,asshole1
sshole,asshole,sshole
,fuckyou,saaaaa
f,fuckyou,freeee
fu,fuckyou,fuckker
fuc,fuckyou,fuckker
fuck,fuckyou,fuckker
fucky,fuckyou,fucky1
fuckyo,fuckyou,fuckyou
uckyou,fuckyou,uckyou
,dallas,saaaaa
d,dallas,daaaaaaa
da,dallas,daaaaaaa
dal,dallas,daller
dall,dallas,daller
dalla,dallas,dallan
dallas,dallas,dallas
,jessica,saaaaa
j,jessica,jamman
je,jessica,jesser
jes,jessica,jesser
jess,jessica,jesser
jessi,jessica,jessie
jessic,jessica,jessica
essica,jessica,essica
,panties,saaaaa
p,panties,paaaaa
pa,panties,paaaaa
pan,panties,pannam
pant,panties,pantas
panti,panties,pantis
pantie,panties,pantie
anties,panties,anties
,pepper,saaaaa
p,pepper,paaaaa
pe,pepper,peeeee
pep,pepper,pepper1
pepp,pepper,pepper1
peppe,pepper,pepper1
pepper,pepper,pepper1
,1111,saaaaa
1,1111,123456789
11,1111,11111111
111,1111,11111111
1111,1111,11111111
,austin,saaaaa
a,austin,alexar
au,austin,audian
aus,austin,auster
aust,austin,auster
austi,austin,austic
austin,austin,austin123
,william,saaaaa
w,william,waaaaa
wi,william,wiiiii
wil,william,willy123
will,william,willy123
willi,william,willis
willia,william,williams
illiam,william,illiam
,daniel,saaaaa
d,daniel,daaaaaaa
da,daniel,daaaaaaa
dan,daniel,danny1
dani,daniel,danies
danie,daniel,danies
daniel,daniel,daniel123
,golfer,saaaaa
g,golfer,goodog
go,golfer,goodog
gol,golfer,golder
golf,golfer,golfaa
golfe,golfer,golfer
golfer,golfer,golfer
,summer,saaaaa
s,summer,saaaaa
su,summer,suuuuu
sum,summer,summer
summ,summer,summer
summe,summer,summer
summer,summer,summer
,heather,saaaaa
h,heather,harry1
he,heather,helloo
hea,heather,heaaaa
heat,heather,heath1
heath,heather,heath1
heathe,heather,heather
eather,heather,eather
,hammer,saaaaa
h,hammer,harry1
ha,hammer,harry1
ham,hammer,hamman
hamm,hammer,hamman
hamme,hammer,hammer1
hammer,hammer,hammer1
,yankees,saaaaa
y,yankees,yannam
ya,yankees,yannam
yan,yankees,yannam
yank,yankees,yankke
yanke,yankees,yanker
yankee,yankees,yankeest
ankees,yankees,ankees
,joshua,saaaaa
j,joshua,jamman
jo,joshua,jonsey
jos,joshua,josher
josh,joshua,josher
joshu,joshua,joshuu
joshua,joshua,joshua1
,maggie,saaaaa
m,maggie,maaaaa
ma,maggie,maaaaa
mag,maggie,magggg
magg,maggie,magggg
maggi,maggie,maggie1
maggie,maggie,maggie1
,biteme,saaaaa
b,biteme,baaaaa
bi,biteme,bigare
bit,biteme,bitter
bite,biteme,biters
bitem,biteme,biteme
biteme,biteme,biteme
,enter,saaaaa
e,enter,ellie1
en,enter,enterrat
ent,enter,enterrat
ente,enter,enterrat
enter,enter,enterrat
,ashley,saaaaa
a,ashley,alexar
as,ashley,asdfff
ash,ashley,ashrrr
ashl,ashley,ashloo
ashle,ashley,ashley123
ashley,ashley,ashley123
,thunder,saaaaa
t,thunder,tomaaa
th,thunder,theree
thu,thunder,thumpy
thun,thunder,thunky
thund,thunder,thundy
thunde,thunder,thunder
hunder,thunder,hunder
,cowboy,saaaaa
c,cowboy,caaaaa
co,cowboy,cooler
cow,cowboy,cowwww
cowb,cowboy,cowber
cowbo,cowboy,cowboy
cowboy,cowboy,cowboy
,silver,saaaaa
s,silver,saaaaa
si,silver,siimer
sil,silver,silly123
silv,silver,silvian
silve,silver,silverpen
silver,silver,silverpen
,richard,saaaaa
r,richard,reeeee
ri,richard,ricky1
ric,richard,ricky1
rich,richard,richhh
richa,richard,richat
richar,richard,richard
ichard,richard,ichard
,fucker,saaaaa
f,fucker,freeee
fu,fucker,fuckker
fuc,fucker,fuckker
fuck,fucker,fuckker
fucke,fucker,fucker
fucker,fucker,fucker
,orange,saaaaa
o,orange,openos
or,orange,orione
ora,orange,oranna
oran,orange,oranna
orang,orange,orange1
orange,orange,orange1
,merlin,saaaaa
m,merlin,maaaaa
me,merlin,meeeee
mer,merlin,merrie
merl,merlin,merlanda
merli,merlin,merline
merlin,merlin,merline
,michelle,saaaaa
m,michelle,maaaaa
mi,michelle,miiena
mic,michelle,mickey
mich,michelle,michhh
miche,michelle,micher
michel,michelle,michelle
ichell,michelle,icheller
chelle,michelle,cheller
,corvette,saaaaa
c,corvette,caaaaa
co,corvette,cooler
cor,corvette,corris
corv,corvette,corver
corve,corvette,corver
corvet,corvette,corvet
orvett,corvette,orvette
rvette,corvette,rvette
,bigdog,saaaaa
b,bigdog,baaaaa
bi,bigdog,bigare
big,bigdog,bigare
bigd,bigdog,bigdog
bigdo,bigdog,bigdog
bigdog,bigdog,bigdog
,cheese,saaaaa
c,cheese,caaaaa
ch,cheese,chhhhh
che,cheese,cheess
chee,cheese,cheess
chees,cheese,cheess
cheese,cheese,cheese1
,matthew,saaaaa
m,matthew,maaaaa
ma,matthew,maaaaa
mat,matthew,matter
matt,matthew,matter
matth,matthew,mattho
matthe,matthew,matthew
atthew,matthew,atthew
,121212,saaaaa
1,121212,123456789
12,121212,123456789
121,121212,121222
1212,121212,121222
12121,121212,12121212
121212,121212,12121212
,patrick,saaaaa
p,patrick,paaaaa
pa,patrick,paaaaa
pat,patrick,patty1
patr,patrick,patras
patri,patrick,patris
patric,patrick,patrick1
atrick,patrick,atrick
,martin,saaaaa
m,martin,maaaaa
ma,martin,maaaaa
mar,martin,marry1
mart,martin,martian
marti,martin,martian
martin,martin,martina
,freedom,saaaaa
f,freedom,freeee
fr,freedom,freeee
fre,freedom,freeee
free,freedom,freeee
freed,freedom,freeds
freedo,freedom,freedom
reedom,freedom,reedom
,ginger,saaaaa
g,ginger,goodog
gi,ginger,gigiii
gin,ginger,ginger12
ging,ginger,ginger12
ginge,ginger,ginger12
ginger,ginger,ginger12
,blowjob,saaaaa
b,blowjob,baaaaa
bl,blowjob,blah123
blo,blowjob,bloodd
blow,blowjob,blower
blowj,blowjob,blowj
blowjo,blowjob,blowjoe
lowjob,blowjob,lowjob
,nicole,saaaaa
n,nicole,noobie
ni,nicole,nikola
nic,nicole,nicky1
nico,nicole,nicool
nicol,nicole,nicolas
nicole,nicole,nicole12
,sparky,saaaaa
s,sparky,saaaaa
sp,sparky,sppppp
spa,sparky,sparky
spar,sparky,sparky
spark,sparky,sparky
sparky,sparky,sparky
,yellow,saaaaa
y,yellow,yannam
ye,yellow,yessie
yel,yellow,yellis
yell,yellow,yellis
yello,yellow,yelloo
yellow,yellow,yellow
,camaro,saaaaa
c,camaro,caaaaa
ca,camaro,caaaaa
cam,camaro,cammer
cama,camaro,camaaa
camar,camaro,camara
camaro,camaro,camaron
,secret,saaaaa
s,secret,saaaaa
se,secret,seeeee
sec,secret,seccat
secr,secret,secram
secre,secret,secred
secret,secret,secret
,dick,saaaaa
d,dick,daaaaaaa
di,dick,diiiii
dic,dick,dicker
dick,dick,dicker
,falcon,saaaaa
f,falcon,freeee
fa,falcon,fatty1
fal,falcon,fallow
falc,falcon,falcon12
falco,falcon,falcon12
falcon,falcon,falcon12
,taylor,saaaaa
t,taylor,tomaaa
ta,taylor,taaaaa
tay,taylor,tayyan
tayl,taylor,taylan
taylo,taylor,tayloo
taylor,taylor,taylord
,111111,saaaaa
1,111111,123456789
11,111111,11111111
111,111111,11111111
1111,111111,11111111
11111,111111,11111111
111111,111111,11111111
,131313,saaaaa
1,131313,123456789
13,131313,130588
131,131313,131222
1313,131313,131333
13131,131313,1313111
131313,131313,131313
,123123,saaaaa
1,123123,123456789
12,123123,123456789
123,123123,123456789
1231,123123,12312211
12312,123123,12312211
123123,123123,12312312
,bitch,saaaaa
b,bitch,baaaaa
bi,bitch,bigare
bit,bitch,bitter
bitc,bitch,bitchy
bitch,bitch,bitchy
,hello,saaaaa
h,hello,harry1
he,hello,helloo
hel,hello,helloo
hell,hello,helloo
hello,hello,helloo
,scooter,saaaaa
s,scooter,saaaaa
sc,scooter,scceee
sco,scooter,scotty
scoo,scooter,scoota
scoot,scooter,scoota
scoote,scooter,scooters
cooter,scooter,cooter
,please,saaaaa
p,please,paaaaa
pl,please,planna
ple,please,plegas
plea,please,pleanne
pleas,please,pleass
please,please,pleased
,porsche,saaaaa
p,porsche,paaaaa
po,porsche,poopy123
por,porsche,porter
pors,porsche,porser
porsc,porsche,porscool
porsch,porsche,porsche
orsche,porsche,orsche
,guitar,saaaaa
g,guitar,goodog
gu,guitar,gunny1
gui,guitar,guilll
guit,guitar,guitty
guita,guitar,guitar
guitar,guitar,guitar
,chelsea,saaaaa
c,chelsea,caaaaa
ch,chelsea,chhhhh
che,chelsea,cheess
chel,chelsea,chelll
chels,chelsea,chelss
chelse,chelsea,chelsea
helsea,chelsea,helsea
,black,saaaaa
b,black,baaaaa
bl,black,blah123
bla,black,blah123
blac,black,blacks
black,black,blacks
,diamond,saaaaa
d,diamond,daaaaaaa
di,diamond,diiiii
dia,diamond,dianna
diam,diamond,diammy
diamo,diamond,diamoon
diamon,diamond,diamonds
iamond,diamond,iamonds
,nascar,saaaaa
n,nascar,noobie
na,nascar,naaaaa
nas,nascar,nasser
nasc,nascar,nascaa
nasca,nascar,nascaa
nascar,nascar,nascar
,jackson,saaaaa
j,jackson,jamman
ja,jackson,jamman
jac,jackson,jackker
jack,jackson,jackker
jacks,jackson,jackss
jackso,jackson,jackson
ackson,jackson,ackson
,cameron,saaaaa
c,cameron,caaaaa
ca,cameron,caaaaa
cam,cameron,cammer
came,cameron,camela
camer,cameron,camers
camero,cameron,cameron
ameron,cameron,ameron
,654321,saaaaa
6,654321,666666
65,654321,654666
654,654321,654666
6543,654321,654321
65432,654321,654321
654321,654321,654321
,computer,saaaaa
c,computer,caaaaa
co,computer,cooler
com,computer,comeer
comp,computer,comper
compu,computer,compuu
comput,computer,computer
ompute,computer,omputer
mputer,computer,mputer
,amanda,saaaaa
a,amanda,alexar
am,amanda,aminaa
ama,amanda,amanna
aman,amanda,amanna
amand,amanda,amandd
amanda,amanda,amanda99
,wizard,saaaaa
w,wizard,waaaaa
wi,wizard,wiiiii
wiz,wizard,wizza1
wiza,wizard,wizard
wizar,wizard,wizard
wizard,wizard,wizard
,xxxxxxxx,saaaaa
x,xxxxxxxx,xxxxxxxx
xx,xxxxxxxx,xxxxxxxx
xxx,xxxxxxxx,xxxxxxxx
xxxx,xxxxxxxx,xxxxxxxx
xxxxx,xxxxxxxx,xxxxxxxx
xxxxxx,xxxxxxxx,xxxxxxxx
xxxxxx,xxxxxxxx,xxxxxxxx
xxxxxx,xxxxxxxx,xxxxxxxx
,money,saaaaa
m,money,maaaaa
mo,money,mooner
mon,money,money
mone,money,money
money,money,money
,phoenix,saaaaa
p,phoenix,paaaaa
ph,phoenix,phpbbboy
pho,phoenix,phones
phoe,phoenix,phoeshot
phoen,phoenix,phoenter
phoeni,phoenix,phoenix
hoenix,phoenix,hoenix
,mickey,saaaaa
m,mickey,maaaaa
mi,mickey,miiena
mic,mickey,mickey
mick,mickey,mickey
micke,mickey,mickey
mickey,mickey,mickey
,bailey,saaaaa
b,bailey,baaaaa
ba,bailey,baaaaa
bai,bailey,baiiii
bail,bailey,bailes
baile,bailey,bailes
bailey,bailey,bailey1
,knight,saaaaa
k,knight,kaaaaa
kn,knight,knoway
kni,knight,kniggg
knig,knight,kniggg
knigh,knight,knight7
knight,knight,knight7
,iceman,saaaaa
i,iceman,inder1
ic,iceman,iceman
ice,iceman,iceman
icem,iceman,iceman
icema,iceman,iceman
iceman,iceman,iceman
,tigers,saaaaa
t,tigers,tomaaa
ti,tigers,titone
tig,tigers,tigerstrike
tige,tigers,tigerstrike
tiger,tigers,tigerstrike
tigers,tigers,tigerstrike
,purple,saaaaa
p,purple,paaaaa
pu,purple,pupppp
pur,purple,puriel
purp,purple,purppp
purpl,purple,purple1
purple,purple,purple1
,andrea,saaaaa
a,andrea,alexar
an,andrea,andy123
and,andrea,andy123
andr,andrea,andree
andre,andrea,andree
andrea,andrea,andrea1
,horny,saaaaa
h,horny,harry1
ho,horny,hooker
hor,horny,horder
horn,horny,hornan
horny,horny,horny123
,dakota,saaaaa
d,dakota,daaaaaaa
da,dakota,daaaaaaa
dak,dakota,dakkar
dako,dakota,dakome
dakot,dakota,dakota
dakota,dakota,dakota
,aaaaaa,saaaaa
a,aaaaaa,alexar
aa,aaaaaa,aaaaaaaa
aaa,aaaaaa,aaaaaaaa
aaaa,aaaaaa,aaaaaaaa
aaaaa,aaaaaa,aaaaaaaa
aaaaaa,aaaaaa,aaaaaaaa
,player,saaaaa
p,player,paaaaa
pl,player,planna
pla,player,planna
play,player,playee
playe,player,playee
player,player,player1
,sunshine,saaaaa
s,sunshine,saaaaa
su,sunshine,suuuuu
sun,sunshine,sunny123
suns,sunshine,sunser
sunsh,sunshine,sunshan
sunshi,sunshine,sunshine
unshin,sunshine,unshine
nshine,sunshine,nshine
,morgan,saaaaa
m,morgan,maaaaa
mo,morgan,mooner
mor,morgan,morter
morg,morgan,morger
morga,morgan,morgan
morgan,morgan,morgan
,starwars,saaaaa
s,starwars,saaaaa
st,starwars,sttter
sta,starwars,starrr
star,starwars,starrr
starw,starwars,starws
starwa,starwars,starwars
tarwar,starwars,tarwars
arwars,starwars,arwars
,boomer,saaaaa
b,boomer,baaaaa
bo,boomer,booter
boo,boomer,booter
boom,boomer,boomer
boome,boomer,boomer
boomer,boomer,boomer
,cowboys,saaaaa
c,cowboys,caaaaa
co,cowboys,cooler
cow,cowboys,cowwww
cowb,cowboys,cowber
cowbo,cowboys,cowboy
cowboy,cowboys,cowboy
owboys,cowboys,owboys
,edward,saaaaa
e,edward,ellie1
ed,edward,edddy1
edw,edward,edwwww
edwa,edward,edwaaa
edwar,edward,edward
edward,edward,edward
,charles,saaaaa
c,charles,caaaaa
ch,charles,chhhhh
cha,charles,changa
char,charles,charrr
charl,charles,charly
charle,charles,charless
harles,charles,harles
,girls,saaaaa
g,girls,goodog
gi,girls,gigiii
gir,girls,girley
girl,girls,girley
girls,girls,girlss
,booboo,saaaaa
b,booboo,baaaaa
bo,booboo,booter
boo,booboo,booter
boob,booboo,boober
boobo,booboo,booboo
booboo,booboo,booboo
,coffee,saaaaa
c,coffee,caaaaa
co,coffee,cooler
cof,coffee,coffer
coff,coffee,coffer
coffe,coffee,coffer
coffee,coffee,coffee
,xxxxxx,saaaaa
x,xxxxxx,xxxxxxxx
xx,xxxxxx,xxxxxxxx
xxx,xxxxxx,xxxxxxxx
xxxx,xxxxxx,xxxxxxxx
xxxxx,xxxxxx,xxxxxxxx
xxxxxx,xxxxxx,xxxxxxxx
,bulldog,saaaaa
b,bulldog,baaaaa
bu,bulldog,burner
bul,bulldog,buller
bull,bulldog,buller
bulld,bulldog,bulldd
bulldo,bulldog,bulldog
ulldog,bulldog,ulldog
,ncc1701,saaaaa
n,ncc1701,noobie
nc,ncc1701,nccaaa
ncc,ncc1701,nccaaa
ncc1,ncc1701,ncc123
ncc17,ncc1701,ncc1711
ncc170,ncc1701,ncc1701
cc1701,ncc1701,cc1701
,rabbit,saaaaa
r,rabbit,reeeee
ra,rabbit,raaaaa
rab,rabbit,rabbbb
rabb,rabbit,rabbbb
rabbi,rabbit,rabbit1
rabbit,rabbit,rabbit1
,peanut,saaaaa
p,peanut,paaaaa
pe,peanut,peeeee
pea,peanut,peaaaa
pean,peanut,peanna
peanu,peanut,peanut2
peanut,peanut,peanut2
,john,saaaaa
j,john,jamman
jo,john,jonsey
joh,john,john123
john,john,john123
,johnny,saaaaa
j,johnny,jamman
jo,johnny,jonsey
joh,johnny,john123
john,johnny,john123
johnn,johnny,johnnn
johnny,johnny,johnny
,gandalf,saaaaa
g,gandalf,goodog
ga,gandalf,garry1
gan,gandalf,gannat
gand,gandalf,gander
ganda,gandalf,gandar
gandal,gandalf,gandalf
andalf,gandalf,andalfan
,spanky,saaaaa
s,spanky,saaaaa
sp,spanky,sppppp
spa,spanky,sparky
span,spanky,spanky
spank,spanky,spanky
spanky,spanky,spanky
,winter,saaaaa
w,winter,waaaaa
wi,winter,wiiiii
win,winter,winger
wint,winter,winters
winte,winter,winters
winter,winter,winters
,brandy,saaaaa
b,brandy,baaaaa
br,brandy,brandon
bra,brandy,brandon
bran,brandy,brandon
brand,brandy,brandon
brandy,brandy,brandy
,compaq,saaaaa
c,compaq,caaaaa
co,compaq,cooler
com,compaq,comeer
comp,compaq,comper
compa,compaq,compal
compaq,compaq,compaq21
,carlos,saaaaa
c,carlos,caaaaa
ca,carlos,caaaaa
car,carlos,carron
carl,carlos,carlow
carlo,carlos,carlow
carlos,carlos,carlos
,tennis,saaaaa
t,tennis,tomaaa
te,tennis,tester
ten,tennis,tenner
tenn,tennis,tenner
tenni,tennis,tennie
tennis,tennis,tennis
,james,saaaaa
j,james,jamman
ja,james,jamman
jam,james,jamman
jame,james,jamesh
james,james,jamesh
,mike,saaaaa
m,mike,maaaaa
mi,mike,miiena
mik,mike,mike123
mike,mike,mike123
,brandon,saaaaa
b,brandon,baaaaa
br,brandon,brandon
bra,brandon,brandon
bran,brandon,brandon
brand,brandon,brandon
brando,brandon,brandon
randon,brandon,randon
,fender,saaaaa
f,fender,freeee
fe,fender,ferryle
fen,fender,fenny1
fend,fender,fender
fende,fender,fender
fender,fender,fender
,anthony,saaaaa
a,anthony,alexar
an,anthony,andy123
ant,anthony,antton
anth,anthony,anther
antho,anthony,anthoon
anthon,anthony,anthony1
nthony,anthony,nthony1
,blowme,saaaaa
b,blowme,baaaaa
bl,blowme,blah123
blo,blowme,bloodd
blow,blowme,blower
blowm,blowme,blowm
blowme,blowme,blowme
,ferrari,saaaaa
f,ferrari,freeee
fe,ferrari,ferryle
fer,ferrari,ferryle
ferr,ferrari,ferryle
ferra,ferrari,ferrari1
ferrar,ferrari,ferrari1
errari,ferrari,errari
,cookie,saaaaa
c,cookie,caaaaa
co,cookie,cooler
coo,cookie,cooler
cook,cookie,cooker
cooki,cookie,cookie1
cookie,cookie,cookie1
,chicken,saaaaa
c,chicken,caaaaa
ch,chicken,chhhhh
chi,chicken,chiiii
chic,chicken,chicks
chick,chicken,chicks
chicke,chicken,chicken
hicken,chicken,hicken
,maverick,saaaaa
m,maverick,maaaaa
ma,maverick,maaaaa
mav,maverick,mavala
mave,maverick,mavena
maver,maverick,mavers
maveri,maverick,maverick
averic,maverick,averick
verick,maverick,verick
,chicago,saaaaa
c,chicago,caaaaa
ch,chicago,chhhhh
chi,chicago,chiiii
chic,chicago,chicks
chica,chicago,chicaa
chicag,chicago,chicago
hicago,chicago,hicago
,joseph,saaaaa
j,joseph,jamman
jo,joseph,jonsey
jos,joseph,josher
jose,joseph,joses1
josep,joseph,josepper
joseph,joseph,josephpbb
,diablo,saaaaa
d,diablo,daaaaaaa
di,diablo,diiiii
dia,diablo,dianna
diab,diablo,diabbb
diabl,diablo,diable
diablo,diablo,diablose
,sexsex,saaaaa
s,sexsex,saaaaa
se,sexsex,seeeee
sex,sexsex,sexxxx
sexs,sexsex,sexsii
sexse,sexsex,sexser
sexsex,sexsex,sexsex
,hardcore,saaaaa
h,hardcore,harry1
ha,hardcore,harry1
har,hardcore,harry1
hard,hardcore,hardy1
hardc,hardcore,hardcd
hardco,hardcore,hardcome
ardcor,hardcore,ardcore
rdcore,hardcore,rdcore
,666666,saaaaa
6,666666,666666
66,666666,666666
666,666666,666666
6666,666666,666666
66666,666666,666666
666666,666666,666666
,willie,saaaaa
w,willie,waaaaa
wi,willie,wiiiii
wil,willie,willy123
will,willie,willy123
willi,willie,willis
willie,willie,willie
,welcome,saaaaa
w,welcome,waaaaa
we,welcome,weeeee
wel,welcome,wellis
welc,welcome,welcomet
welco,welcome,welcomet
welcom,welcome,welcomet
elcome,welcome,elcome
,chris,saaaaa
c,chris,caaaaa
ch,chris,chhhhh
chr,chris,chrise
chri,chris,chrise
chris,chris,chrise
,panther,saaaaa
p,panther,paaaaa
pa,panther,paaaaa
pan,panther,pannam
pant,panther,pantas
panth,panther,panther
panthe,panther,panther
anther,panther,anther
,yamaha,saaaaa
y,yamaha,yannam
ya,yamaha,yannam
yam,yamaha,yammys
yama,yamaha,yamaaa
yamah,yamaha,yamaha
yamaha,yamaha,yamaha
,justin,saaaaa
j,justin,jamman
ju,justin,julie1
jus,justin,juster
just,justin,juster
justi,justin,justice
justin,justin,justin22
,banana,saaaaa
b,banana,baaaaa
ba,banana,baaaaa
ban,banana,bannat
bana,banana,bananas
banan,banana,bananas
banana,banana,bananas
,driver,saaaaa
d,driver,daaaaaaa
dr,driver,drakka
dri,driver,drista
driv,driver,driver
drive,driver,driver
driver,driver,driver
,marine,saaaaa
m,marine,maaaaa
ma,marine,maaaaa
mar,marine,marry1
mari,marine,marian
marin,marine,marina
marine,marine,mariner
,angels,saaaaa
a,angels,alexar
an,angels,andy123
ang,angels,angell
ange,angels,angell
angel,angels,angell
angels,angels,angels
,fishing,saaaaa
f,fishing,freeee
fi,fishing,finall
fis,fishing,fish23
fish,fishing,fish23
fishi,fishing,fishie
fishin,fishing,fishing
ishing,fishing,ishing
,david,saaaaa
d,david,daaaaaaa
da,david,daaaaaaa
dav,david,davidd
davi,david,davidd
david,david,davidd
,maddog,saaaaa
m,maddog,maaaaa
ma,maddog,maaaaa
mad,maddog,madder
madd,maddog,madder
maddo,maddog,maddog
maddog,maddog,maddog
,hooters,saaaaa
h,hooters,harry1
ho,hooters,hooker
hoo,hooters,hooker
hoot,hooters,hooter
hoote,hooters,hooter
hooter,hooters,hooter
ooters,hooters,ooters
,wilson,saaaaa
w,wilson,waaaaa
wi,wilson,wiiiii
wil,wilson,willy123
wils,wilson,wilson
wilso,wilson,wilson
wilson,wilson,wilson
,butthead,saaaaa
b,butthead,baaaaa
bu,butthead,burner
but,butthead,butterfly
butt,butthead,butterfly
butth,butthead,butthead
butthe,butthead,butthead
utthea,butthead,utthead
tthead,butthead,tthead
,dennis,saaaaa
d,dennis,daaaaaaa
de,dennis,deeeee
den,dennis,denny1
denn,dennis,denny1
denni,dennis,dennie
dennis,dennis,dennis1
,fucking,saaaaa
f,fucking,freeee
fu,fucking,fuckker
fuc,fucking,fuckker
fuck,fucking,fuckker
fucki,fucking,fuckie
fuckin,fucking,fucking
ucking,fucking,ucking
,captain,saaaaa
c,captain,caaaaa
ca,captain,caaaaa
cap,captain,capppy
capt,captain,captty
capta,captain,captan
captai,captain,captain
aptain,captain,aptain
,bigdick,saaaaa
b,bigdick,baaaaa
bi,bigdick,bigare
big,bigdick,bigare
bigd,bigdick,bigdog
bigdi,bigdick,bigdie
bigdic,bigdick,bigdica
igdick,bigdick,igdick
,chester,saaaaa
c,chester,caaaaa
ch,chester,chhhhh
che,chester,cheess
ches,chester,chesss
chest,chester,chestar
cheste,chester,chester
hester,chester,hester
,smokey,saaaaa
s,smokey,saaaaa
sm,smokey,smmaaa
smo,smokey,smoker
smok,smokey,smoker
smoke,smokey,smoker
smokey,smokey,smokey
,xavier,saaaaa
x,xavier,xxxxxxxx
xa,xavier,xandal
xav,xavier,xavard
xavi,xavier,xavion
xavie,xavier,xavier
xavier,xavier,xavier
,steven,saaaaa
s,steven,saaaaa
st,steven,sttter
ste,steven,stevens
stev,steven,stevens
steve,steven,stevens
steven,steven,stevens
,viking,saaaaa
v,viking,viiiii
vi,viking,viiiii
vik,viking,vikings
viki,viking,vikings
vikin,viking,vikings
viking,viking,vikings
,snoopy,saaaaa
s,snoopy,saaaaa
sn,snoopy,snmmer
sno,snoopy,snowy123
snoo,snoopy,snoopy
snoop,snoopy,snoopy
snoopy,snoopy,snoopy
,blue,saaaaa
b,blue,baaaaa
bl,blue,blah123
blu,blue,blue22
blue,blue,blue22
,eagles,saaaaa
e,eagles,ellie1
ea,eagles,eassie
eag,eagles,eagley
eagl,eagles,eagley
eagle,eagles,eagley
eagles,eagles,eagles
,winner,saaaaa
w,winner,waaaaa
wi,winner,wiiiii
win,winner,winger
winn,winner,winner
winne,winner,winner
winner,winner,winner
,samantha,saaaaa
s,samantha,saaaaa
sa,samantha,saaaaa
sam,samantha,sammys
sama,samantha,samaaa
saman,samantha,samana
samant,samantha,samantin
amanth,samantha,amanthan
mantha,samantha,manthan
,house,saaaaa
h,house,harry1
ho,house,hooker
hou,house,houser
hous,house,houser
house,house,houser
,miller,saaaaa
m,miller,maaaaa
mi,miller,miiena
mil,miller,milly1
mill,miller,milly1
mille,miller,miller1
miller,miller,miller1
,flower,saaaaa
f,flower,freeee
fl,flower,floooo
flo,flower,floooo
flow,flower,flower
flowe,flower,flower
flower,flower,flower
,jack,saaaaa
j,jack,jamman
ja,jack,jamman
jac,jack,jackker
jack,jack,jackker
,firebird,saaaaa
f,firebird,freeee
fi,firebird,finall
fir,firebird,firestorm
fire,firebird,firestorm
fireb,firebird,firebb
firebi,firebird,firebird
irebir,firebird,irebird
rebird,firebird,rebird
,butter,saaaaa
b,butter,baaaaa
bu,butter,burner
but,butter,butterfly
butt,butter,butterfly
butte,butter,butterfly
butter,butter,butterfly
,united,saaaaa
u,united,unione
un,united,unione
uni,united,unione
unit,united,united
unite,united,united
united,united,united
,turtle,saaaaa
t,turtle,tomaaa
tu,turtle,turboo
tur,turtle,turboo
turt,turtle,turton
turtl,turtle,turtles
turtle,turtle,turtles
,steelers,saaaaa
s,steelers,saaaaa
st,steelers,sttter
ste,steelers,stevens
stee,steelers,steeee
steel,steelers,steella
steele,steelers,steeler
teeler,steelers,teeler
eelers,steelers,eelers
,tiffany,saaaaa
t,tiffany,tomaaa
ti,tiffany,titone
tif,tiffany,tiffer
tiff,tiffany,tiffer
tiffa,tiffany,tiffaa
tiffan,tiffany,tiffany
iffany,tiffany,iffany
,zxcvbn,saaaaa
z,zxcvbn,zazzaq
zx,zxcvbn,zxcvbnm
zxc,zxcvbn,zxcvbnm
zxcv,zxcvbn,zxcvbnm
zxcvb,zxcvbn,zxcvbnm
zxcvbn,zxcvbn,zxcvbnm
,tomcat,saaaaa
t,tomcat,tomaaa
to,tomcat,tomaaa
tom,tomcat,tomaaa
tomc,tomcat,tomcaa
tomca,tomcat,tomcaa
tomcat,tomcat,tomcat
,golf,saaaaa
g,golf,goodog
go,golf,goodog
gol,golf,golder
golf,golf,golfaa
,bond007,saaaaa
b,bond007,baaaaa
bo,bond007,booter
bon,bond007,bonza1
bond,bond007,bondog
bond0,bond007,bond007
bond00,bond007,bond007
ond007,bond007,ond007
,bear,saaaaa
b,bear,baaaaa
be,bear,beeeee
bea,bear,beaaaa
bear,bear,bearee
,tiger,saaaaa
t,tiger,tomaaa
ti,tiger,titone
tig,tiger,tigerstrike
tige,tiger,tigerstrike
tiger,tiger,tigerstrike
,doctor,saaaaa
d,doctor,daaaaaaa
do,doctor,doober
doc,doctor,docool
doct,doctor,docton
docto,doctor,docton
doctor,doctor,doctor
,gateway,saaaaa
g,gateway,goodog
ga,gateway,garry1
gat,gateway,gatter
gate,gateway,gateaan
gatew,gateway,gateww
gatewa,gateway,gateway
ateway,gateway,ateway
,gators,saaaaa
g,gators,goodog
ga,gators,garry1
gat,gators,gatter
gato,gators,gatone
gator,gators,gatorrat
gators,gators,gators
,angel,saaaaa
a,angel,alexar
an,angel,andy123
ang,angel,angell
ange,angel,angell
angel,angel,angell
,junior,saaaaa
j,junior,jamman
ju,junior,julie1
jun,junior,june22
juni,junior,junita
junio,junior,junion
junior,junior,junior
,thx1138,saaaaa
t,thx1138,tomaaa
th,thx1138,theree
thx,thx1138,thxhie
thx1,thx1138,thx123
thx11,thx1138,thx111
thx113,thx1138,thx113
hx1138,thx1138,hx1138
,porno,saaaaa
p,porno,paaaaa
po,porno,poopy123
por,porno,porter
porn,porno,pornon
porno,porno,pornon
,badboy,saaaaa
b,badboy,baaaaa
ba,badboy,baaaaa
bad,badboy,baddy1
badb,badboy,badboy
badbo,badboy,badboy
badboy,badboy,badboy
,debbie,saaaaa
d,debbie,daaaaaaa
de,debbie,deeeee
deb,debbie,debbbb
debb,debbie,debbbb
debbi,debbie,debbie1
debbie,debbie,debbie1
,spider,saaaaa
s,spider,saaaaa
sp,spider,sppppp
spi,spider,spiker
spid,spider,spider1
spide,spider,spider1
spider,spider,spider1
,melissa,saaaaa
m,melissa,maaaaa
me,melissa,meeeee
mel,melissa,melly1
meli,melissa,melina
melis,melissa,melish
meliss,melissa,melissa
elissa,melissa,elissa
,booger,saaaaa
b,booger,baaaaa
bo,booger,booter
boo,booger,booter
boog,booger,booger
booge,booger,booger
booger,booger,booger
,1212,saaaaa
1,1212,123456789
12,1212,123456789
121,1212,121222
1212,1212,121222
,flyers,saaaaa
f,flyers,freeee
fl,flyers,floooo
fly,flyers,flyssy
flye,flyers,flyers
flyer,flyers,flyers
flyers,flyers,flyers
,fish,saaaaa
f,fish,freeee
fi,fish,finall
fis,fish,fish23
fish,fish,fish23
,porn,saaaaa
p,porn,paaaaa
po,porn,poopy123
por,porn,porter
porn,porn,pornon
,matrix,saaaaa
m,matrix,maaaaa
ma,matrix,maaaaa
mat,matrix,matter
matr,matrix,matrak
matri,matrix,matrii
matrix,matrix,matrix1
,teens,saaaaa
t,teens,tomaaa
te,teens,tester
tee,teens,teeeee
teen,teens,teenay
teens,teens,teens1
,scooby,saaaaa
s,scooby,saaaaa
sc,scooby,scceee
sco,scooby,scotty
scoo,scooby,scoota
scoob,scooby,scoobb
scooby,scooby,scooby
,jason,saaaaa
j,jason,jamman
ja,jason,jamman
jas,jason,jason1
jaso,jason,jason1
jason,jason,jason1
,walter,saaaaa
w,walter,waaaaa
wa,walter,waaaaa
wal,walter,wally1
walt,walter,waltan
walte,walter,walters
walter,walter,walters
,cumshot,saaaaa
c,cumshot,caaaaa
cu,cumshot,cuuuee
cum,cumshot,cummer
cums,cumshot,cumsss
cumsh,cumshot,cumshall
cumsho,cumshot,cumshot
umshot,cumshot,umshot
,boston,saaaaa
b,boston,baaaaa
bo,boston,booter
bos,boston,bosser
bost,boston,bostard
bosto,boston,boston
boston,boston,boston
,braves,saaaaa
b,braves,baaaaa
br,braves,brandon
bra,braves,brandon
brav,braves,braven
brave,braves,braven
braves,braves,braves
,yankee,saaaaa
y,yankee,yannam
ya,yankee,yannam
yan,yankee,yannam
yank,yankee,yankke
yanke,yankee,yanker
yankee,yankee,yankeest
,lover,saaaaa
l,lover,lolloo
lo,lover,lolloo
lov,lover,lovemel
love,lover,lovemel
lover,lover,lovers
,barney,saaaaa
b,barney,baaaaa
ba,barney,baaaaa
bar,barney,barry1
barn,barney,barnet
barne,barney,barnet
barney,barney,barney
,victor,saaaaa
v,victor,viiiii
vi,victor,viiiii
vic,victor,vicker
vict,victor,victoria
victo,victor,victoria
victor,victor,victoria
,tucker,saaaaa
t,tucker,tomaaa
tu,tucker,turboo
tuc,tucker,tucker
tuck,tucker,tucker
tucke,tucker,tucker
tucker,tucker,tucker
,princess,saaaaa
p,princess,paaaaa
pr,princess,prrry1
pri,princess,primer
prin,princess,printton
princ,princess,princess1
prince,princess,princess1
rinces,princess,rincess
incess,princess,incess
,mercedes,saaaaa
m,mercedes,maaaaa
me,mercedes,meeeee
mer,mercedes,merrie
merc,mercedes,merchan
merce,mercedes,mercee
merced,mercedes,merced
ercede,mercedes,ercedes
rcedes,mercedes,rcedes
,5150,saaaaa
5,5150,555555
51,5150,511000
515,5150,515000
5150,5150,515000
,doggie,saaaaa
d,doggie,daaaaaaa
do,doggie,doober
dog,doggie,doggyy
dogg,doggie,doggyy
doggi,doggie,doggie
doggie,doggie,doggie
,zzzzzz,saaaaa
z,zzzzzz,zazzaq
zz,zzzzzz,zzzzzzzz
zzz,zzzzzz,zzzzzzzz
zzzz,zzzzzz,zzzzzzzz
zzzzz,zzzzzz,zzzzzzzz
zzzzzz,zzzzzz,zzzzzzzz
,gunner,saaaaa
g,gunner,goodog
gu,gunner,gunny1
gun,gunner,gunny1
gunn,gunner,gunny1
gunne,gunner,gunner
gunner,gunner,gunner
,horney,saaaaa
h,horney,harry1
ho,horney,hooker
hor,horney,horder
horn,horney,hornan
horne,horney,horner
horney,horney,horney
,bubba,saaaaa
b,bubba,baaaaa
bu,bubba,burner
bub,bubba,bubbaa
bubb,bubba,bubbaa
bubba,bubba,bubbaa
,2112,saaaaa
2,2112,220988
21,2112,210682
211,2112,211222
2112,2112,211222
,fred,saaaaa
f,fred,freeee
fr,fred,freeee
fre,fred,freeee
fred,fred,freddd
,johnson,saaaaa
j,johnson,jamman
jo,johnson,jonsey
joh,johnson,john123
john,johnson,john123
johns,johnson,johnss
johnso,johnson,johnson
ohnson,johnson,ohnson
,xxxxx,saaaaa
x,xxxxx,xxxxxxxx
xx,xxxxx,xxxxxxxx
xxx,xxxxx,xxxxxxxx
xxxx,xxxxx,xxxxxxxx
xxxxx,xxxxx,xxxxxxxx
,tits,saaaaa
t,tits,tomaaa
ti,tits,titone
tit,tits,titone
tits,tits,titsuon
,member,saaaaa
m,member,maaaaa
me,member,meeeee
mem,member,memmmm
memb,member,memboy
membe,member,member
member,member,member
,boobs,saaaaa
b,boobs,baaaaa
bo,boobs,booter
boo,boobs,booter
boob,boobs,boober
boobs,boobs,boobs1
,donald,saaaaa
d,donald,daaaaaaa
do,donald,doober
don,donald,donggy
dona,donald,donall
donal,donald,donall
donald,donald,donaldde
,bigdaddy,saaaaa
b,bigdaddy,baaaaa
bi,bigdaddy,bigare
big,bigdaddy,bigare
bigd,bigdaddy,bigdog
bigda,bigdaddy,bigdan
bigdad,bigdaddy,bigdaddy
igdadd,bigdaddy,igdaddy
gdaddy,bigdaddy,gdaddy
,bronco,saaaaa
b,bronco,baaaaa
br,bronco,brandon
bro,bronco,bronta
bron,bronco,bronta
bronc,bronco,broncos
bronco,bronco,broncos
,penis,saaaaa
p,penis,paaaaa
pe,penis,peeeee
pen,penis,penner
peni,penis,peniss
penis,penis,peniss
,voyager,saaaaa
v,voyager,viiiii
vo,voyager,voller
voy,voyager,voyooo
voya,voyager,voyaaa
voyag,voyager,voyagg
voyage,voyager,voyager
oyager,voyager,oyager
,rangers,saaaaa
r,rangers,reeeee
ra,rangers,raaaaa
ran,rangers,rannam
rang,rangers,rangers
range,rangers,rangers
ranger,rangers,rangers
angers,rangers,angers
,birdie,saaaaa
b,birdie,baaaaa
bi,birdie,bigare
bir,birdie,birder
bird,birdie,birder
birdi,birdie,birdie
birdie,birdie,birdie
,trouble,saaaaa
t,trouble,tomaaa
tr,trouble,trista
tro,trouble,troopy
trou,trouble,trouts
troub,trouble,troubc
troubl,trouble,trouble1
rouble,trouble,rouble1
,white,saaaaa
w,white,waaaaa
wh,white,whiter
whi,white,whiter
whit,white,whiter
white,white,whiter
,topgun,saaaaa
t,topgun,tomaaa
to,topgun,tomaaa
top,topgun,topppp
topg,topgun,topght
topgu,topgun,topgun
topgun,topgun,topgun
,bigtits,saaaaa
b,bigtits,baaaaa
bi,bigtits,bigare
big,bigtits,bigare
bigt,bigtits,bigtan
bigti,bigtits,bigtic
bigtit,bigtits,bigtit
igtits,bigtits,igtits
,bitches,saaaaa
b,bitches,baaaaa
bi,bitches,bigare
bit,bitches,bitter
bitc,bitches,bitchy
bitch,bitches,bitchy
bitche,bitches,bitches
itches,bitches,itches
,green,saaaaa
g,green,goodog
gr,green,graven
gre,green,greener
gree,green,greener
green,green,greener
,super,saaaaa
s,super,saaaaa
su,super,suuuuu
sup,super,super
supe,super,super
super,super,super
,qazwsx,saaaaa
q,qazwsx,quaker
qa,qazwsx,qazzaq
qaz,qazwsx,qazzaq
qazw,qazwsx,qazwan
qazws,qazwsx,qazwss
qazwsx,qazwsx,qazwsxedc
,magic,saaaaa
m,magic,maaaaa
ma,magic,maaaaa
mag,magic,magggg
magi,magic,magiccat
magic,magic,magiccat
,lakers,saaaaa
l,lakers,lolloo
la,lakers,lannan
lak,lakers,lakker
lake,lakers,lakers
laker,lakers,lakers
lakers,lakers,lakers
,rachel,saaaaa
r,rachel,reeeee
ra,rachel,raaaaa
rac,rachel,raceee
rach,rachel,rachhh
rache,rachel,racher
rachel,rachel,rachel11
,slayer,saaaaa
s,slayer,saaaaa
sl,slayer,slley123
sla,slayer,slavvy
slay,slayer,slayee
slaye,slayer,slayee
slayer,slayer,slayer1
,scott,saaaaa
s,scott,saaaaa
sc,scott,scceee
sco,scott,scotty
scot,scott,scotty
scott,scott,scotty
,2222,saaaaa
2,2222,220988
22,2222,220988
222,2222,2223222
2222,2222,22222222
,asdf,saaaaa
a,asdf,alexar
as,asdf,asdfff
asd,asdf,asdfff
asdf,asdf,asdfff
,video,saaaaa
v,video,viiiii
vi,video,viiiii
vid,video,viders
vide,video,viders
video,video,videon
,london,saaaaa
l,london,lolloo
lo,london,lolloo
lon,london,longer
lond,london,londay
londo,london,london
london,london,london
,7777,saaaaa
7,7777,777777
77,7777,777777
777,7777,777777
7777,7777,777777
,marlboro,saaaaa
m,marlboro,maaaaa
ma,marlboro,maaaaa
mar,marlboro,marry1
marl,marlboro,marland
marlb,marlboro,marlbb
marlbo,marlboro,marlboro
arlbor,marlboro,arlboro
rlboro,marlboro,rlboro
,srinivas,saaaaa
s,srinivas,saaaaa
sr,srinivas,srrron
sri,srinivas,srista
srin,srinivas,srinky
srini,srinivas,srinie
sriniv,srinivas,sriniva
riniva,srinivas,riniva
inivas,srinivas,inivas
,internet,saaaaa
i,internet,inder1
in,internet,inder1
int,internet,intelle
inte,internet,intelle
inter,internet,inter1
intern,internet,internet
nterne,internet,nternet
ternet,internet,ternet
,action,saaaaa
a,action,alexar
ac,action,accore
act,action,activer
acti,action,activer
actio,action,action
action,action,action
,carter,saaaaa
c,carter,caaaaa
ca,carter,caaaaa
car,carter,carron
cart,carter,carthew
carte,carter,carter
carter,carter,carter
,jasper,saaaaa
j,jasper,jamman
ja,jasper,jamman
jas,jasper,jason1
jasp,jasper,jasper
jaspe,jasper,jasper
jasper,jasper,jasper
,monster,saaaaa
m,monster,maaaaa
mo,monster,mooner
mon,monster,money
mons,monster,monsey
monst,monster,monstar
monste,monster,monster
onster,monster,onster
,teresa,saaaaa
t,teresa,tomaaa
te,teresa,tester
ter,teresa,terry1
tere,teresa,terent
teres,teresa,teress
teresa,teresa,teresa
,jeremy,saaaaa
j,jeremy,jamman
je,jeremy,jesser
jer,jeremy,jerris
jere,jeremy,jereen
jerem,jeremy,jereme
jeremy,jeremy,jeremy1
,11111111,saaaaa
1,11111111,123456789
11,11111111,11111111
111,11111111,11111111
1111,11111111,11111111
11111,11111111,11111111
111111,11111111,11111111
111111,11111111,11111111
111111,11111111,11111111
,bill,saaaaa
b,bill,baaaaa
bi,bill,bigare
bil,bill,billy123
bill,bill,billy123
,crystal,saaaaa
c,crystal,caaaaa
cr,crystal,crrone
cry,crystal,cryana
crys,crystal,cryssa
cryst,crystal,crysty
crysta,crystal,crystal
rystal,crystal,rystal
,peter,saaaaa
p,peter,paaaaa
pe,peter,peeeee
pet,peter,peter1
pete,peter,peter1
peter,peter,peter1
,pussies,saaaaa
p,pussies,paaaaa
pu,pussies,pupppp
pus,pussies,pusser
puss,pussies,pusser
pussi,pussies,pussit
pussie,pussies,pussie
ussies,pussies,ussies
,cock,saaaaa
c,cock,caaaaa
co,cock,cooler
coc,cock,cocool
cock,cock,cocker
,beer,saaaaa
b,beer,baaaaa
be,beer,beeeee
bee,beer,beeeee
beer,beer,beer2r
,rocket,saaaaa
r,rocket,reeeee
ro,rocket,rooter
roc,rocket,rocker
rock,rocket,rocker
rocke,rocket,rocker
rocket,rocket,rockets
,theman,saaaaa
t,theman,tomaaa
th,theman,theree
the,theman,theree
them,theman,theman
thema,theman,theman
theman,theman,theman
,oliver,saaaaa
o,oliver,openos
ol,oliver,oliver
oli,oliver,oliver
oliv,oliver,oliver
olive,oliver,oliver
oliver,oliver,oliver
,prince,saaaaa
p,prince,paaaaa
pr,prince,prrry1
pri,prince,primer
prin,prince,printton
princ,prince,princess1
prince,prince,princess1
,beach,saaaaa
b,beach,baaaaa
be,beach,beeeee
bea,beach,beaaaa
beac,beach,beachi
beach,beach,beachi
,amateur,saaaaa
a,amateur,alexar
am,amateur,aminaa
ama,amateur,amanna
amat,amateur,amater
amate,amateur,amater
amateu,amateur,amateu
mateur,amateur,mateur
,7777777,saaaaa
7,7777777,777777
77,7777777,777777
777,7777777,777777
7777,7777777,777777
77777,7777777,777777
777777,7777777,777777
777777,7777777,777777
,muffin,saaaaa
m,muffin,maaaaa
mu,muffin,mutter
muf,muffin,muffer
muff,muffin,muffer
muffi,muffin,muffie
muffin,muffin,muffin12
,redsox,saaaaa
r,redsox,reeeee
re,redsox,reeeee
red,redsox,reddy123
reds,redsox,redson
redso,redsox,redson
redsox,redsox,redsox
,star,saaaaa
s,star,saaaaa
st,star,sttter
sta,star,starrr
star,star,starrr
,testing,saaaaa
t,testing,tomaaa
te,testing,tester
tes,testing,tester
test,testing,tester
testi,testing,testis
testin,testing,testing
esting,testing,esting
,shannon,saaaaa
s,shannon,saaaaa
sh,shannon,shhhhh
sha,shannon,sharpp
shan,shannon,shanet
shann,shannon,shanna
shanno,shannon,shannon
hannon,shannon,hannon
,murphy,saaaaa
m,murphy,maaaaa
mu,murphy,mutter
mur,murphy,murrie
murp,murphy,murphpbb
murph,murphy,murphpbb
murphy,murphy,murphy
,frank,saaaaa
f,frank,freeee
fr,frank,freeee
fra,frank,franky
fran,frank,franky
frank,frank,franky
,hannah,saaaaa
h,hannah,harry1
ha,hannah,harry1
han,hannah,hannat
hann,hannah,hannat
hanna,hannah,hannat
hannah,hannah,hannah
,dave,saaaaa
d,dave,daaaaaaa
da,dave,daaaaaaa
dav,dave,davidd
dave,dave,davers
,eagle1,saaaaa
e,eagle1,ellie1
ea,eagle1,eassie
eag,eagle1,eagley
eagl,eagle1,eagley
eagle,eagle1,eagley
eagle1,eagle1,eagle1
,11111,saaaaa
1,11111,123456789
11,11111,11111111
111,11111,11111111
1111,11111,11111111
11111,11111,11111111
,mother,saaaaa
m,mother,maaaaa
mo,mother,mooner
mot,mother,moto11
moth,mother,mothood
mothe,mother,mother2
mother,mother,mother2
,nathan,saaaaa
n,nathan,noobie
na,nathan,naaaaa
nat,nathan,natter
nath,nathan,nathers
natha,nathan,nathar
nathan,nathan,nathanie
,raiders,saaaaa
r,raiders,reeeee
ra,raiders,raaaaa
rai,raiders,rainer
raid,raiders,raider
raide,raiders,raider
raider,raiders,raider
aiders,raiders,aiders
,steve,saaaaa
s,steve,saaaaa
st,steve,sttter
ste,steve,stevens
stev,steve,stevens
steve,steve,stevens
,forever,saaaaa
f,forever,freeee
fo,forever,ford123
for,forever,ford123
fore,forever,foreaa
forev,forever,forevville
foreve,forever,forever1
orever,forever,orever
,angela,saaaaa
a,angela,alexar
an,angela,andy123
ang,angela,angell
ange,angela,angell
angel,angela,angell
angela,angela,angela
,viper,saaaaa
v,viper,viiiii
vi,viper,viiiii
vip,viper,viper123
vipe,viper,viper123
viper,viper,viper123
,ou812,saaaaa
o,ou812,openos
ou,ou812,outter
ou8,ou812,ou8181
ou81,ou812,ou8181
ou812,ou812,ou8122
,jake,saaaaa
j,jake,jamman
ja,jake,jamman
jak,jake,jakers
jake,jake,jakers
,lovers,saaaaa
l,lovers,lolloo
lo,lovers,lolloo
lov,lovers,lovemel
love,lovers,lovemel
lover,lovers,lovers
lovers,lovers,lovers
,suckit,saaaaa
s,suckit,saaaaa
su,suckit,suuuuu
suc,suckit,sucker
suck,suckit,sucker
sucki,suckit,suckie
suckit,suckit,suckit
,gregory,saaaaa
g,gregory,goodog
gr,gregory,graven
gre,gregory,greener
greg,gregory,gregon
grego,gregory,gregon
gregor,gregory,gregor
regory,gregory,regory
,buddy,saaaaa
b,buddy,baaaaa
bu,buddy,burner
bud,buddy,buddy1
budd,buddy,buddy1
buddy,buddy,buddy1
,whatever,saaaaa
w,whatever,waaaaa
wh,whatever,whiter
wha,whatever,whater
what,whatever,whater
whate,whatever,whater
whatev,whatever,whatever
hateve,whatever,hatever
atever,whatever,atever
,young,saaaaa
y,young,yannam
yo,young,youser
you,young,youser
youn,young,young1
young,young,young1
,nicholas,saaaaa
n,nicholas,noobie
ni,nicholas,nikola
nic,nicholas,nicky1
nich,nicholas,nichhh
nicho,nicholas,nichoo
nichol,nicholas,nicholas
ichola,nicholas,icholas
cholas,nicholas,cholas
,lucky,saaaaa
l,lucky,lolloo
lu,lucky,lucky1
luc,lucky,lucky1
luck,lucky,lucky1
lucky,lucky,lucky1
,helpme,saaaaa
h,helpme,harry1
he,helpme,helloo
hel,helpme,helloo
help,helpme,helpoo
helpm,helpme,helpme
helpme,helpme,helpme
,jackie,saaaaa
j,jackie,jamman
ja,jackie,jamman
jac,jackie,jackker
jack,jackie,jackker
jacki,jackie,jackie24
jackie,jackie,jackie24
,monica,saaaaa
m,monica,maaaaa
mo,monica,mooner
mon,monica,money
moni,monica,monica
monic,monica,monica
monica,monica,monica
,midnight,saaaaa
m,midnight,maaaaa
mi,midnight,miiena
mid,midnight,midass
midn,midnight,midner
midni,midnight,midnie
midnig,midnight,midnig
idnigh,midnight,idnight
dnight,midnight,dnight
,college,saaaaa
c,college,caaaaa
co,college,cooler
col,college,colton
coll,college,collys
colle,college,coller
colleg,college,college
ollege,college,ollege
,baby,saaaaa
b,baby,baaaaa
ba,baby,baaaaa
bab,baby,babyyy
baby,baby,babyyy
,cunt,saaaaa
c,cunt,caaaaa
cu,cunt,cuuuee
cun,cunt,cunny1
cunt,cunt,cuntar
,brian,saaaaa
b,brian,baaaaa
br,brian,brandon
bri,brian,brianna
bria,brian,brianna
brian,brian,brianna
,mark,saaaaa
m,mark,maaaaa
ma,mark,maaaaa
mar,mark,marry1
mark,mark,markos
,startrek,saaaaa
s,startrek,saaaaa
st,startrek,sttter
sta,startrek,starrr
star,startrek,starrr
start,startrek,starty
startr,startrek,startron
tartre,startrek,tartree
artrek,startrek,artrek
,sierra,saaaaa
s,sierra,saaaaa
si,sierra,siimer
sie,sierra,sieree
sier,sierra,sieree
sierr,sierra,sierry
sierra,sierra,sierra
,leather,saaaaa
l,leather,lolloo
le,leather,leeeee
lea,leather,leaaaa
leat,leather,leathu
leath,leather,leathu
leathe,leather,leather
eather,leather,eather
,232323,saaaaa
2,232323,220988
23,232323,230388
232,232323,23252525
2323,232323,2323222
23232,232323,2323222
232323,232323,232323
,4444,saaaaa
4,4444,444444
44,4444,444444
444,4444,444444
4444,4444,444444
,beavis,saaaaa
b,beavis,baaaaa
be,beavis,beeeee
bea,beavis,beaaaa
beav,beavis,beaver
beavi,beavis,beavis
beavis,beavis,beavis
,bigcock,saaaaa
b,bigcock,baaaaa
bi,bigcock,bigare
big,bigcock,bigare
bigc,bigcock,bigcon
bigco,bigcock,bigcon
bigcoc,bigcock,bigcock
igcock,bigcock,igcock
,happy,saaaaa
h,happy,harry1
ha,happy,harry1
hap,happy,happyy
happ,happy,happyy
happy,happy,happyy
,sophie,saaaaa
s,sophie,saaaaa
so,sophie,sooner
sop,sophie,sopaaa
soph,sophie,sophan
sophi,sophie,sophie
sophie,sophie,sophie
,ladies,saaaaa
l,ladies,lolloo
la,ladies,lannan
lad,ladies,ladder
ladi,ladies,ladina
ladie,ladies,ladies
ladies,ladies,ladies
,naughty,saaaaa
n,naughty,noobie
na,naughty,naaaaa
nau,naughty,nauuii
naug,naughty,nauggg
naugh,naughty,naughh
naught,naughty,naughter
aughty,naughty,aughty
,giants,saaaaa
g,giants,goodog
gi,giants,gigiii
gia,giants,gianna
gian,giants,gianna
giant,giants,giantte
giants,giants,giants
,booty,saaaaa
b,booty,baaaaa
bo,booty,booter
boo,booty,booter
boot,booty,booter
booty,booty,booty123
,blonde,saaaaa
b,blonde,baaaaa
bl,blonde,blah123
blo,blonde,bloodd
blon,blonde,blones
blond,blonde,blondan
blonde,blonde,blonder
,fucked,saaaaa
f,fucked,freeee
fu,fucked,fuckker
fuc,fucked,fuckker
fuck,fucked,fuckker
fucke,fucked,fucker
fucked,fucked,fucked
,golden,saaaaa
g,golden,goodog
go,golden,goodog
gol,golden,golder
gold,golden,golder
golde,golden,golder
golden,golden,goldene1
,0,saaaaa
0,0,00000000
,fire,saaaaa
f,fire,freeee
fi,fire,finall
fir,fire,firestorm
fire,fire,firestorm
,sandra,saaaaa
s,sandra,saaaaa
sa,sandra,saaaaa
san,sandra,sannam
sand,sandra,sandy1
sandr,sandra,sandra
sandra,sandra,sandra
,pookie,saaaaa
p,pookie,paaaaa
po,pookie,poopy123
poo,pookie,poopy123
pook,pookie,pookie
pooki,pookie,pookie
pookie,pookie,pookie
,packers,saaaaa
p,packers,paaaaa
pa,packers,paaaaa
pac,packers,packers
pack,packers,packers
packe,packers,packers
packer,packers,packers
ackers,packers,ackers
,einstein,saaaaa
e,einstein,ellie1
ei,einstein,eikers
ein,einstein,einger
eins,einstein,einsen
einst,einstein,einstar
einste,einstein,einster
instei,einstein,instein
nstein,einstein,nstein
,dolphins,saaaaa
d,dolphins,daaaaaaa
do,dolphins,doober
dol,dolphins,dollys
dolp,dolphins,dolpoo
dolph,dolphins,dolphpbb
dolphi,dolphins,dolphins
olphin,dolphins,olphin1
lphins,dolphins,lphins
,chevy,saaaaa
c,chevy,caaaaa
ch,chevy,chhhhh
che,chevy,cheess
chev,chevy,chevvy
chevy,chevy,chevyy
,winston,saaaaa
w,winston,waaaaa
wi,winston,wiiiii
win,winston,winger
wins,winston,winsen
winst,winston,winstar
winsto,winston,winstone
inston,winston,instone
,warrior,saaaaa
w,warrior,waaaaa
wa,warrior,waaaaa
war,warrior,warraa
warr,warrior,warraa
warri,warrior,warris
warrio,warrior,warriore
arrior,warrior,arrior
,sammy,saaaaa
s,sammy,saaaaa
sa,sammy,saaaaa
sam,sammy,sammys
samm,sammy,sammys
sammy,sammy,sammys
,slut,saaaaa
s,slut,saaaaa
sl,slut,slley123
slu,slut,sluggy
slut,slut,slutty
,8675309,saaaaa
8,8675309,888888
86,8675309,866999
867,8675309,867051
8675,8675309,867500
86753,8675309,867533
867530,8675309,867530
675309,8675309,675309
,zxcvbnm,saaaaa
z,zxcvbnm,zazzaq
zx,zxcvbnm,zxcvbnm
zxc,zxcvbnm,zxcvbnm
zxcv,zxcvbnm,zxcvbnm
zxcvb,zxcvbnm,zxcvbnm
zxcvbn,zxcvbnm,zxcvbnm
xcvbnm,zxcvbnm,xcvbnm
,nipples,saaaaa
n,nipples,noobie
ni,nipples,nikola
nip,nipples,nipppp
nipp,nipples,nipppp
nippl,nipples,nipple
nipple,nipples,nipple
ipples,nipples,ipples
,power,saaaaa
p,power,paaaaa
po,power,poopy123
pow,power,poweee
powe,power,poweee
power,power,powers
,victoria,saaaaa
v,victoria,viiiii
vi,victoria,viiiii
vic,victoria,vicker
vict,victoria,victoria
victo,victoria,victoria
victor,victoria,victoria
ictori,victoria,ictoria
ctoria,victoria,ctoria
,asdfgh,saaaaa
a,asdfgh,alexar
as,asdfgh,asdfff
asd,asdfgh,asdfff
asdf,asdfgh,asdfff
asdfg,asdfgh,asdfgh
asdfgh,asdfgh,asdfgh
,vagina,saaaaa
v,vagina,viiiii
va,vagina,vannam
vag,vagina,vagggg
vagi,vagina,vagicc
vagin,vagina,vagina
vagina,vagina,vagina
,toyota,saaaaa
t,toyota,tomaaa
to,toyota,tomaaa
toy,toyota,toyooo
toyo,toyota,toyooo
toyot,toyota,toyoto
toyota,toyota,toyota
,travis,saaaaa
t,travis,tomaaa
tr,travis,trista
tra,travis,tranna
trav,travis,traves
travi,travis,travis
travis,travis,travis
,hotdog,saaaaa
h,hotdog,harry1
ho,hotdog,hooker
hot,hotdog,hotter
hotd,hotdog,hotdog
hotdo,hotdog,hotdog
hotdog,hotdog,hotdog
,paris,saaaaa
p,paris,paaaaa
pa,paris,paaaaa
par,paris,parry1
pari,paris,parish
paris,paris,parish
,rock,saaaaa
r,rock,reeeee
ro,rock,rooter
roc,rock,rocker
rock,rock,rocker
,xxxx,saaaaa
x,xxxx,xxxxxxxx
xx,xxxx,xxxxxxxx
xxx,xxxx,xxxxxxxx
xxxx,xxxx,xxxxxxxx
,extreme,saaaaa
e,extreme,ellie1
ex,extreme,exookk
ext,extreme,extras
extr,extreme,extras
extre,extreme,extree
extrem,extreme,extreme
xtreme,extreme,xtreme
,redskins,saaaaa
r,redskins,reeeee
re,redskins,reeeee
red,redskins,reddy123
reds,redskins,redson
redsk,redskins,redsky
redski,redskins,redskins
edskin,redskins,edskins
dskins,redskins,dskins
,erotic,saaaaa
e,erotic,ellie1
er,erotic,erinky
ero,erotic,eropss
erot,erotic,erotty
eroti,erotic,erotie
erotic,erotic,erotic
,dirty,saaaaa
d,dirty,daaaaaaa
di,dirty,diiiii
dir,dirty,direk1
dirt,dirty,dirter
dirty,dirty,dirty1
,ford,saaaaa
f,ford,freeee
fo,ford,ford123
for,ford,ford123
ford,ford,ford123
,freddy,saaaaa
f,freddy,freeee
fr,freddy,freeee
fre,freddy,freeee
fred,freddy,freddd
fredd,freddy,freddd
freddy,freddy,freddy
,arsenal,saaaaa
a,arsenal,alexar
ar,arsenal,arturres
ars,arsenal,arssie
arse,arsenal,arsers
arsen,arsenal,arsenal1
arsena,arsenal,arsenal1
rsenal,arsenal,rsenal1
,access14,saaaaa
a,access14,alexar
ac,access14,accore
acc,access14,accore
acce,access14,acceee
acces,access14,access1
access,access14,access1
ccess1,access14,ccess1
cess14,access14,cess14
,wolf,saaaaa
w,wolf,waaaaa
wo,wolf,woodan
wol,wolf,wolfee
wolf,wolf,wolfee
,nipple,saaaaa
n,nipple,noobie
ni,nipple,nikola
nip,nipple,nipppp
nipp,nipple,nipppp
nippl,nipple,nipple
nipple,nipple,nipple
,iloveyou,saaaaa
i,iloveyou,inder1
il,iloveyou,illler
ilo,iloveyou,ilover
ilov,iloveyou,ilover
ilove,iloveyou,ilover
ilovey,iloveyou,iloveyou
loveyo,iloveyou,loveyou
oveyou,iloveyou,oveyou
,alex,saaaaa
a,alex,alexar
al,alex,alexar
ale,alex,alexar
alex,alex,alexar
,florida,saaaaa
f,florida,freeee
fl,florida,floooo
flo,florida,floooo
flor,florida,florii
flori,florida,florii
florid,florida,florida1
lorida,florida,lorida1
,eric,saaaaa
e,eric,ellie1
er,eric,erinky
eri,eric,erinky
eric,eric,ericaa
,legend,saaaaa
l,legend,lolloo
le,legend,leeeee
leg,legend,legggg
lege,legend,legers
legen,legend,legena
legend,legend,legender
,movie,saaaaa
m,movie,maaaaa
mo,movie,mooner
mov,movie,movers
movi,movie,movie1
movie,movie,movie1
,success,saaaaa
s,success,saaaaa
su,success,suuuuu
suc,success,sucker
succ,success,succat
succe,success,success
succes,success,success
uccess,success,uccess
,rosebud,saaaaa
r,rosebud,reeeee
ro,rosebud,rooter
ros,rosebud,roseen
rose,rosebud,roseen
roseb,rosebud,rosebb
rosebu,rosebud,rosebum
osebud,rosebud,osebud
,jaguar,saaaaa
j,jaguar,jamman
ja,jaguar,jamman
jag,jaguar,jagggg
jagu,jaguar,jagurr
jagua,jaguar,jaguaa
jaguar,jaguar,jaguar
,great,saaaaa
g,great,goodog
gr,great,graven
gre,great,greener
grea,great,greatt
great,great,greatt
,cool,saaaaa
c,cool,caaaaa
co,cool,cooler
coo,cool,cooler
cool,cool,cooler
,cooper,saaaaa
c,cooper,caaaaa
co,cooper,cooler
coo,cooper,cooler
coop,cooper,cooper1
coope,cooper,cooper1
cooper,cooper,cooper1
,1313,saaaaa
1,1313,123456789
13,1313,130588
131,1313,131222
1313,1313,131333
,scorpio,saaaaa
s,scorpio,saaaaa
sc,scorpio,scceee
sco,scorpio,scotty
scor,scorpio,scorty
scorp,scorpio,scorpp
scorpi,scorpio,scorpion
corpio,scorpio,corpion
,mountain,saaaaa
m,mountain,maaaaa
mo,mountain,mooner
mou,mountain,mouser
moun,mountain,mounge
mount,mountain,mounty
mounta,mountain,mountain
ountai,mountain,ountain
untain,mountain,untain
,madison,saaaaa
m,madison,maaaaa
ma,madison,maaaaa
mad,madison,madder
madi,madison,madina
madis,madison,madish
madiso,madison,madisond
adison,madison,adison
,987654,saaaaa
9,987654,999999
98,987654,987666
987,987654,987666
9876,987654,987666
98765,987654,98765432
987654,987654,98765432
,brazil,saaaaa
b,brazil,baaaaa
br,brazil,brandon
bra,brazil,brandon
braz,brazil,brazyy
brazi,brazil,brazie
brazil,brazil,brazil
,lauren,saaaaa
l,lauren,lolloo
la,lauren,lannan
lau,lauren,lauuii
laur,lauren,lauram
laure,lauren,laurence
lauren,lauren,laurence
,japan,saaaaa
j,japan,jamman
ja,japan,jamman
jap,japan,japppp
japa,japan,japaaa
japan,japan,japani
,naked,saaaaa
n,naked,noobie
na,naked,naaaaa
nak,naked,nakker
nake,naked,naker1
naked,naked,nakedd
,squirt,saaaaa
s,squirt,saaaaa
sq,squirt,squaaa
squ,squirt,squaaa
squi,squirt,squiddog
squir,squirt,squire
squirt,squirt,squirt
,stars,saaaaa
s,stars,saaaaa
st,stars,sttter
sta,stars,starrr
star,stars,starrr
stars,stars,starss
,apple,saaaaa
a,apple,alexar
ap,apple,applee
app,apple,applee
appl,apple,applee
apple,apple,applee
,alexis,saaaaa
a,alexis,alexar
al,alexis,alexar
ale,alexis,alexar
alex,alexis,alexar
alexi,alexis,alexis
alexis,alexis,alexis
,aaaa,saaaaa
a,aaaa,alexar
aa,aaaa,aaaaaaaa
aaa,aaaa,aaaaaaaa
aaaa,aaaa,aaaaaaaa
,bonnie,saaaaa
b,bonnie,baaaaa
bo,bonnie,booter
bon,bonnie,bonza1
bonn,bonnie,bonner
bonni,bonnie,bonnie
bonnie,bonnie,bonnie
,peaches,saaaaa
p,peaches,paaaaa
pe,peaches,peeeee
pea,peaches,peaaaa
peac,peaches,peachh
peach,peaches,peachh
peache,peaches,peaches
eaches,peaches,eaches
,jasmine,saaaaa
j,jasmine,jamman
ja,jasmine,jamman
jas,jasmine,jason1
jasm,jasmine,jasman
jasmi,jasmine,jasmine
jasmin,jasmine,jasmine
asmine,jasmine,asmine
,kevin,saaaaa
k,kevin,kaaaaa
ke,kevin,keeeee
kev,kevin,kevine
kevi,kevin,kevine
kevin,kevin,kevine
,matt,saaaaa
m,matt,maaaaa
ma,matt,maaaaa
mat,matt,matter
matt,matt,matter
,qwertyui,saaaaa
q,qwertyui,quaker
qw,qwertyui,qwerty123
qwe,qwertyui,qwerty123
qwer,qwertyui,qwerty123
qwert,qwertyui,qwerty123
qwerty,qwertyui,qwerty123
wertyu,qwertyui,wertyu
ertyui,qwertyui,ertyui
,danielle,saaaaa
d,danielle,daaaaaaa
da,danielle,daaaaaaa
dan,danielle,danny1
dani,danielle,danies
danie,danielle,danies
daniel,danielle,daniel123
aniell,danielle,anieller
nielle,danielle,nieller
,beaver,saaaaa
b,beaver,baaaaa
be,beaver,beeeee
bea,beaver,beaaaa
beav,beaver,beaver
beave,beaver,beaver
beaver,beaver,beaver
,4321,saaaaa
4,4321,444444
43,4321,430000
432,4321,432000
4321,4321,432100
,4128,saaaaa
4,4128,444444
41,4128,411000
412,4128,412588
4128,4128,412888
,runner,saaaaa
r,runner,reeeee
ru,runner,russit
run,runner,runner
runn,runner,runner
runne,runner,runner
runner,runner,runner
,swimming,saaaaa
s,swimming,saaaaa
sw,swimming,swwwww
swi,swimming,swing1
swim,swimming,swimer
swimm,swimming,swimmy
swimmi,swimming,swimming
wimmin,swimming,wimming
imming,swimming,imming
,dolphin,saaaaa
d,dolphin,daaaaaaa
do,dolphin,doober
dol,dolphin,dollys
dolp,dolphin,dolpoo
dolph,dolphin,dolphpbb
dolphi,dolphin,dolphins
olphin,dolphin,olphin1
,gordon,saaaaa
g,gordon,goodog
go,gordon,goodog
gor,gordon,gorder
gord,gordon,gorder
gordo,gordon,gordog
gordon,gordon,gordon
,casper,saaaaa
c,casper,caaaaa
ca,casper,caaaaa
cas,casper,cassie12
casp,casper,casper1
caspe,casper,casper1
casper,casper,casper1
,stupid,saaaaa
s,stupid,saaaaa
st,stupid,sttter
stu,stupid,stunt1
stup,stupid,stuppp
stupi,stupid,stupii
stupid,stupid,stupidin
,shit,saaaaa
s,shit,saaaaa
sh,shit,shhhhh
shi,shit,shinga
shit,shit,shitty
,saturn,saaaaa
s,saturn,saaaaa
sa,saturn,saaaaa
sat,saturn,satter
satu,saturn,saturre
satur,saturn,saturre
saturn,saturn,saturno
,gemini,saaaaa
g,gemini,goodog
ge,gemini,genny123
gem,gemini,gemmer
gemi,gemini,gemini
gemin,gemini,gemini
gemini,gemini,gemini
,apples,saaaaa
a,apples,alexar
ap,apples,applee
app,apples,applee
appl,apples,applee
apple,apples,applee
apples,apples,apples
,august,saaaaa
a,august,alexar
au,august,audian
aug,august,augarron
augu,august,auguee
augus,august,augus1
august,august,august123
,3333,saaaaa
3,3333,321999
33,3333,33333333
333,3333,33333333
3333,3333,33333333
,canada,saaaaa
c,canada,caaaaa
ca,canada,caaaaa
can,canada,canny1
cana,canada,canana
canad,canada,canada
canada,canada,canada
,blazer,saaaaa
b,blazer,baaaaa
bl,blazer,blah123
bla,blazer,blah123
blaz,blazer,blazer
blaze,blazer,blazer
blazer,blazer,blazer
,cumming,saaaaa
c,cumming,caaaaa
cu,cumming,cuuuee
cum,cumming,cummer
cumm,cumming,cummer
cummi,cumming,cummies
cummin,cumming,cumming
umming,cumming,umming
,hunting,saaaaa
h,hunting,harry1
hu,hunting,hugood
hun,hunting,hunny1
hunt,hunting,hunter123
hunti,hunting,huntic
huntin,hunting,hunting
unting,hunting,unting
,kitty,saaaaa
k,kitty,kaaaaa
ki,kitty,kiiiii
kit,kitty,kitter
kitt,kitty,kitter
kitty,kitty,kitty1
,rainbow,saaaaa
r,rainbow,reeeee
ra,rainbow,raaaaa
rai,rainbow,rainer
rain,rainbow,rainer
rainb,rainbow,rainban
rainbo,rainbow,rainbow1
ainbow,rainbow,ainbow1
,112233,saaaaa
1,112233,123456789
11,112233,11111111
112,112233,112111
1122,112233,112222
11223,112233,112233
112233,112233,112233
,arthur,saaaaa
a,arthur,alexar
ar,arthur,arturres
art,arthur,arturres
arth,arthur,arther
arthu,arthur,arthuu
arthur,arthur,arthuri
,cream,saaaaa
c,cream,caaaaa
cr,cream,crrone
cre,cream,creams
crea,cream,creams
cream,cream,creams
,calvin,saaaaa
c,calvin,caaaaa
ca,calvin,caaaaa
cal,calvin,calles
calv,calvin,calvin
calvi,calvin,calvin
calvin,calvin,calvin
,shaved,saaaaa
s,shaved,saaaaa
sh,shaved,shhhhh
sha,shaved,sharpp
shav,shaved,shavvy
shave,shaved,shaven
shaved,shaved,shaved
,surfer,saaaaa
s,surfer,saaaaa
su,surfer,suuuuu
sur,surfer,surfer
surf,surfer,surfer
surfe,surfer,surfer
surfer,surfer,surfer
,samson,saaaaa
s,samson,saaaaa
sa,samson,saaaaa
sam,samson,sammys
sams,samson,samsin
samso,samson,samson
samson,samson,samson
,kelly,saaaaa
k,kelly,kaaaaa
ke,kelly,keeeee
kel,kelly,kelly123
kell,kelly,kelly123
kelly,kelly,kelly123
,paul,saaaaa
p,paul,paaaaa
pa,paul,paaaaa
pau,paul,paulll
paul,paul,paulll
,mine,saaaaa
m,mine,maaaaa
mi,mine,miiena
min,mine,mineen
mine,mine,mineen
,king,saaaaa
k,king,kaaaaa
ki,king,kiiiii
kin,king,kinggg
king,king,kinggg
,racing,saaaaa
r,racing,reeeee
ra,racing,raaaaa
rac,racing,raceee
raci,racing,raciii
racin,racing,racina
racing,racing,racing
,5555,saaaaa
5,5555,555555
55,5555,555555
555,5555,555555
5555,5555,555555
,eagle,saaaaa
e,eagle,ellie1
ea,eagle,eassie
eag,eagle,eagley
eagl,eagle,eagley
eagle,eagle,eagley
,hentai,saaaaa
h,hentai,harry1
he,hentai,helloo
hen,hentai,henny123
hent,hentai,henton
henta,hentai,hentas
hentai,hentai,hentai
,newyork,saaaaa
n,newyork,noobie
ne,newyork,newwww
new,newyork,newwww
newy,newyork,newyuu
newyo,newyork,newyou
newyor,newyork,newyork
ewyork,newyork,ewyork
,little,saaaaa
l,little,lolloo
li,little,linkie
lit,little,litter
litt,little,litter
littl,little,littlefreak
little,little,littlefreak
,redwings,saaaaa
r,redwings,reeeee
re,redwings,reeeee
red,redwings,reddy123
redw,redwings,redway
redwi,redwings,redwing
redwin,redwings,redwing
edwing,redwings,edwing
dwings,redwings,dwings
,smith,saaaaa
s,smith,saaaaa
sm,smith,smmaaa
smi,smith,smithing
smit,smith,smithing
smith,smith,smithing
,sticky,saaaaa
s,sticky,saaaaa
st,sticky,sttter
sti,sticky,sting1
stic,sticky,sticks
stick,sticky,sticks
sticky,sticky,sticky
,cocacola,saaaaa
c,cocacola,caaaaa
co,cocacola,cooler
coc,cocacola,cocool
coca,cocacola,cocaaa
cocac,cocacola,cocacola
cocaco,cocacola,cocacola
ocacol,cocacola,ocacola
cacola,cocacola,cacola
,animal,saaaaa
a,animal,alexar
an,animal,andy123
ani,animal,animen
anim,animal,animen
anima,animal,animan
animal,animal,animal
,broncos,saaaaa
b,broncos,baaaaa
br,broncos,brandon
bro,broncos,bronta
bron,broncos,bronta
bronc,broncos,broncos
bronco,broncos,broncos
roncos,broncos,roncos
,private,saaaaa
p,private,paaaaa
pr,private,prrry1
pri,private,primer
priv,private,priver
priva,private,privaa
privat,private,private
rivate,private,rivate
,skippy,saaaaa
s,skippy,saaaaa
sk,skippy,skkkie
ski,skippy,skippy
skip,skippy,skippy
skipp,skippy,skippy
skippy,skippy,skippy
,marvin,saaaaa
m,marvin,maaaaa
ma,marvin,maaaaa
mar,marvin,marry1
marv,marvin,marven
marvi,marvin,marvin
marvin,marvin,marvin
,blondes,saaaaa
b,blondes,baaaaa
bl,blondes,blah123
blo,blondes,bloodd
blon,blondes,blones
blond,blondes,blondan
blonde,blondes,blonder
londes,blondes,londess
,enjoy,saaaaa
e,enjoy,ellie1
en,enjoy,enterrat
enj,enjoy,enjjjl
enjo,enjoy,enjooo
enjoy,enjoy,enjoyy
,girl,saaaaa
g,girl,goodog
gi,girl,gigiii
gir,girl,girley
girl,girl,girley
,apollo,saaaaa
a,apollo,alexar
ap,apollo,applee
apo,apollo,apoper
apol,apollo,apolion
apoll,apollo,apolll
apollo,apollo,apollo123
,parker,saaaaa
p,parker,paaaaa
pa,parker,paaaaa
par,parker,parry1
park,parker,parker
parke,parker,parker
parker,parker,parker
,qwert,saaaaa
q,qwert,quaker
qw,qwert,qwerty123
qwe,qwert,qwerty123
qwer,qwert,qwerty123
qwert,qwert,qwerty123
,time,saaaaa
t,time,tomaaa
ti,time,titone
tim,time,timers
time,time,timers
,sydney,saaaaa
s,sydney,saaaaa
sy,sydney,syyyyy
syd,sydney,sydder
sydn,sydney,sydnac
sydne,sydney,sydner
sydney,sydney,sydney
,women,saaaaa
w,women,waaaaa
wo,women,woodan
wom,women,womaaa
wome,women,womers
women,women,womena
,voodoo,saaaaa
v,voodoo,viiiii
vo,voodoo,voller
voo,voodoo,voodoo
vood,voodoo,voodoo
voodo,voodoo,voodoo
voodoo,voodoo,voodoo
,magnum,saaaaa
m,magnum,maaaaa
ma,magnum,maaaaa
mag,magnum,magggg
magn,magnum,magnat
magnu,magnum,magnut
magnum,magnum,magnum
,juice,saaaaa
j,juice,jamman
ju,juice,julie1
jui,juice,juicee
juic,juice,juicee
juice,juice,juicee
,abgrtyu,saaaaa
a,abgrtyu,alexar
ab,abgrtyu,abbbbb
abg,abgrtyu,abgarro
abgr,abgrtyu,abgreen
abgrt,abgrtyu,abgrty
abgrty,abgrtyu,abgrty
bgrtyu,abgrtyu,bgrtyu
,777777,saaaaa
7,777777,777777
77,777777,777777
777,777777,777777
7777,777777,777777
77777,777777,777777
777777,777777,777777
,dreams,saaaaa
d,dreams,daaaaaaa
dr,dreams,drakka
dre,dreams,dreaming
drea,dreams,dreaming
dream,dreams,dreaming
dreams,dreams,dreams
,maxwell,saaaaa
m,maxwell,maaaaa
ma,maxwell,maaaaa
max,maxwell,maxie1
maxw,maxwell,maxwrw
maxwe,maxwell,maxwer
maxwel,maxwell,maxwell
axwell,maxwell,axwell
,music,saaaaa
m,music,maaaaa
mu,music,mutter
mus,music,musical
musi,music,musical
music,music,musical
,rush2112,saaaaa
r,rush2112,reeeee
ru,rush2112,russit
rus,rush2112,russit
rush,rush2112,rusher
rush2,rush2112,rush23
rush21,rush2112,rush21
ush211,rush2112,ush211
sh2112,rush2112,sh2112
,russia,saaaaa
r,russia,reeeee
ru,russia,russit
rus,russia,russit
russ,russia,russit
russi,russia,russit
russia,russia,russiant
,scorpion,saaaaa
s,scorpion,saaaaa
sc,scorpion,scceee
sco,scorpion,scotty
scor,scorpion,scorty
scorp,scorpion,scorpp
scorpi,scorpion,scorpion
corpio,scorpion,corpion
orpion,scorpion,orpion
,rebecca,saaaaa
r,rebecca,reeeee
re,rebecca,reeeee
reb,rebecca,rebbbb
rebe,rebecca,rebell
rebec,rebecca,rebect
rebecc,rebecca,rebecca
ebecca,rebecca,ebecca
,tester,saaaaa
t,tester,tomaaa
te,tester,tester
tes,tester,tester
test,tester,tester
teste,tester,tester
tester,tester,tester
,mistress,saaaaa
m,mistress,maaaaa
mi,mistress,miiena
mis,mistress,misser
mist,mistress,misty1
mistr,mistress,mistrace
mistre,mistress,mistress
istres,mistress,istress
stress,mistress,stress
,phantom,saaaaa
p,phantom,paaaaa
ph,phantom,phpbbboy
pha,phantom,phatty
phan,phantom,phanna
phant,phantom,phantte
phanto,phantom,phantome
hantom,phantom,hantome
,billy,saaaaa
b,billy,baaaaa
bi,billy,bigare
bil,billy,billy123
bill,billy,billy123
billy,billy,billy123
,6666,saaaaa
6,6666,666666
66,6666,666666
666,6666,666666
6666,6666,666666
,albert,saaaaa
a,albert,alexar
al,albert,alexar
alb,albert,albaaa
albe,albert,albern
alber,albert,albern
albert,albert,alberto
